{
  "mean_freq": 36.50950304365298,
  "median_freq": 4.0,
  "stdev_freq": 580.1241281962766,
  "num_filtered_tokens": 201567,
  "num_src": 1933301
}